{"max": [4.65284, 3.23649, 5.19867], "centroid": [-0.3876752065843625, 0.5401033740740754, 2.95204133168726], "id": "76811819fc2bf7fbdbe9ce60b93b8bd5", "numVertices": 1215, "min": [-5.43778, -1.2413, -1.5204]}
